Guilherm3vrp,"Guilherme Valença",guilherm3vrp@gmail.com,1234
Cl4udAnne,"Claudiane Rodrigues",cra@discente.ifpe.edu.br,1234
"Anderson Ricardo","Anderson Ricardo Ricardo",aor3@discente.ifpe.edu.br,2324
Ally,"Alice Manguinho",asms1@discente.ifpe.edu.br,1234
gnomulo,"romulo rodrigues",romulo123@456.com,123
assie,assiria,renaraassiria14@gmail.com,renataamara#07
Maurinhu,Mauro Teixeira,mevyness@gmail.com,104 103 104a@